ANCHORAGE;AK;*
EL PASO;CO;*
JEFFERSON;CO;*
WELD;CO;*
DENVER;CO;*
ARAPAHOE;CO;*
MORGAN;CO;*
BROOMFIELD;CO;*
SUMMIT;CO;*
BOULDER;CO;*
PUEBLO;CO;*
DOUGLAS;CO;*
LARIMER;CO;*
PALM BEACH;FL;*
MARION;FL;*
POLK;IA;*
WOODBURY;IA;*
SIOUX;IA;*
LINN;IA;*
JONES;IA;*
DES MOINES;IA;*
CARROLL;IA;*
WASHINGTON;IA;*
WAPELLO;IA;*
MARION;IA;*
PLYMOUTH;IA;*
BLACK HAWK;IA;*
MARSHALL;IA;*
POTTAWATTAMIE;IA;*
MAHASKA;IA;*
MUSCATINE;IA;*
WEBSTER;IA;*
JOHNSON;IA;*
LEE;IA;*
SCOTT;IA;*
DALLAS;IA;*
DUBUQUE;IA;*
JASPER;IA;*
BENTON;IA;*
BREMER;IA;*
CLINTON;IA;*
WARREN;IA;*
CERRO GORDO;IA;*
BOONE;IA;*
STORY;IA;*
ADA;ID;*
PAYETTE;ID;*
MADISON;ID;*
BONNEVILLE;ID;*
BINGHAM;ID;*
BLAINE;ID;*
TWIN FALLS;ID;*
LATAH;ID;*
NEZ PERCE;ID;*
BANNOCK;ID;*
CASSIA;ID;*
JEFFERSON;ID;*
MINIDOKA;ID;*
JEROME;ID;*
CANYON;ID;*
SEDGWICK;KS;*
JOHNSON;KS;*
SHAWNEE;KS;*
LYON;KS;*
CRAWFORD;KS;*
SEWARD;KS;*
FORD;KS;*
WYANDOTTE;KS;*
BARTON;KS;*
SUMNER;KS;*
BUTLER;KS;*
MIAMI;KS;*
LEAVENWORTH;KS;*
HARVEY;KS;*
MCPHERSON;KS;*
DOUGLAS;KS;*
SALINE;KS;*
FINNEY;KS;*
MONTGOMERY;KS;*
RILEY;KS;*
POTTAWATOMIE;KS;*
RENO;KS;*
FRANKLIN;KS;*
ELLIS;KS;*
GEARY;KS;*
COWLEY;KS;*
FAYETTE;KY;*
WOODFORD;KY;*
ALLEN;KY;*
HARLAN;KY;*
LINCOLN;KY;*
PERRY;KY;*
NELSON;KY;*
BOYLE;KY;*
CALLOWAY;KY;*
LOGAN;KY;*
HOPKINS;KY;*
CLARK;KY;*
CARTER;KY;*
BELL;KY;*
BOYD;KY;*
BARREN;KY;*
OLDHAM;KY;*
KNOX;KY;*
MARSHALL;KY;*
GRAYSON;KY;*
MERCER;KY;*
GRAVES;KY;*
PULASKI;KY;*
FRANKLIN;KY;*
ANDERSON;KY;*
LETCHER;KY;*
MUHLENBERG;KY;*
TAYLOR;KY;*
MONTGOMERY;KY;*
FLOYD;KY;*
MEADE;KY;*
KENTON;KY;*
MADISON;KY;*
JESSAMINE;KY;*
HARDIN;KY;*
WARREN;KY;*
WAYNE;KY;*
WHITLEY;KY;*
LAUREL;KY;*
BULLITT;KY;*
SHELBY;KY;*
JEFFERSON;KY;*
PIKE;KY;*
SCOTT;KY;*
OHIO;KY;*
MCCRACKEN;KY;*
DAVIESS;KY;*
JEFFERSON;LA;*
CADDO;LA;*
ORLEANS;LA;*
DOUGLAS;MN;*
MECKLENBURG;NC;*
CLARK;NV;*
WASHOE;NV;*
NYE;NV;*
CHURCHILL;NV;*
ELKO;NV;*
CARSON CITY;NV;*
LYON;NV;*
WASHINGTON;NY;*
MONTGOMERY;OH;*
HAMILTON;OH;*
CUYAHOGA;OH;*
LUCAS;OH;*
BUTLER;OH;*
FRANKLIN;OH;*
STARK;OH;*
SUMMIT;OH;*
DEFIANCE;OH;*
MUSKINGUM;OH;*
MEIGS;OH;*
HOCKING;OH;*
JACKSON;OH;*
LOGAN;OH;*
VAN WERT;OH;*
WASHINGTON;OH;*
PORTAGE;OH;*
ASHLAND;OH;*
LORAIN;OH;*
MERCER;OH;*
PERRY;OH;*
LAWRENCE;OH;*
BELMONT;OH;*
FAYETTE;OH;*
COSHOCTON;OH;*
WAYNE;OH;*
PUTNAM;OH;*
TUSCARAWAS;OH;*
PREBLE;OH;*
GUERNSEY;OH;*
ERIE;OH;*
WYANDOT;OH;*
GEAUGA;OH;*
CARROLL;OH;*
ATHENS;OH;*
SENECA;OH;*
HURON;OH;*
TRUMBULL;OH;*
COLUMBIANA;OH;*
CRAWFORD;OH;*
PIKE;OH;*
SHELBY;OH;*
SANDUSKY;OH;*
GREENE;OH;*
MORROW;OH;*
ROSS;OH;*
ASHTABULA;OH;*
JEFFERSON;OH;*
MEDINA;OH;*
DELAWARE;OH;*
RICHLAND;OH;*
WOOD;OH;*
ALLEN;OH;*
HIGHLAND;OH;*
HOLMES;OH;*
GALLIA;OH;*
CLARK;OH;*
HARDIN;OH;*
MIAMI;OH;*
CLERMONT;OH;*
FULTON;OH;*
PICKAWAY;OH;*
ADAMS;OH;*
FAIRFIELD;OH;*
WARREN;OH;*
LICKING;OH;*
LAKE;OH;*
CLINTON;OH;*
MADISON;OH;*
WILLIAMS;OH;*
UNION;OH;*
HENRY;OH;*
MAHONING;OH;*
CHAMPAIGN;OH;*
HANCOCK;OH;*
OTTAWA;OH;*
MARION;OH;*
SCIOTO;OH;*
KNOX;OH;*
AUGLAIZE;OH;*
DARKE;OH;*
DAVIS;UT;*
UTAH;UT;*
WEBER;UT;*
SALT LAKE;UT;*
WASHINGTON;UT;*
CACHE;UT;*
IRON;UT;*
SANPETE;UT;*
SEVIER;UT;*
UINTAH;UT;*
SUMMIT;UT;*
WASATCH;UT;*
TOOELE;UT;*
BOX ELDER;UT;*
RUTLAND;VT;*
CALEDONIA;VT;*
ORANGE;VT;*
CHITTENDEN;VT;*
WINDHAM;VT;*
FRANKLIN;VT;*
BENNINGTON;VT;*
WINDSOR;VT;*
WASHINGTON;VT;*
